Data Series,2022 ,2021 ,2020 ,2019 ,2018 ,2017 ,2016 ,2015 ,2014 ,2013 ,2012 ,2011 ,2010 ,2009 ,2008 ,2007 ,2006 ,2005 ,2004 ,2003 ,2002 ,2001 ,2000 ,1999 ,1998 ,1997 ,1996 ,1995 ,1994 ,1993 ,1992 ,1991 ,1990 ,1989 ,1988 ,1987 ,1986 ,1985 ,1984 ,1983 ,1982 ,1981 ,1980 ,1979 ,1978 ,1977 ,1976 ,1975 ,1974 ,1973 ,1972 ,1971 ,1970 ,1969 ,1968 ,1967 ,1966 ,1965 ,1964 ,1963 ,1962 ,1961 ,1960 ,1959 ,1958 ,1957
Male Malays 0 - 4 Years,20610,20091,19848,19182,18624,17790,16992,16276,15869,15676,15748,16114,16496,16819,16985,17417,18043,18856,19602,20593,21372,21867,22252,22910,23557,24151,24517,25041,25331,25142,24761,24013,23172,22211,21303,20636,20168,19421,18425,17484,16391,15571,15029,15800,16000,16600,17300,17900,18000,18800,19500,20800,21742,24300,26300,27500,28000,27700,27400,26700,25900,25300,24400,23600,22700,21743
Male Malays 5 - 9 Years,17934,17027,16472,16108,15878,15933,16267,16575,16864,17088,17513,18163,19060,19867,20866,21636,22155,22490,23027,23592,24318,24655,25183,25441,25184,24737,23935,23010,22106,21168,20553,20075,19356,18329,17284,16125,15301,14692,14802,15149,15990,16776,17398,17800,18200,18800,19800,21500,23400,25200,26200,26900,25928,26500,25500,24700,23900,22900,22200,21600,21600,20500,19300,17700,15900,14451
Male Malays 10 - 14 Years,16013,16251,16655,16929,17117,17508,18121,19016,19789,20785,21549,22084,22522,23089,23694,24275,24646,25179,25407,25141,24714,23841,22826,21900,20965,20339,19908,19204,18313,17283,16094,15190,14393,14322,14642,15493,16266,16950,17093,17493,17967,18827,20032,22300,24200,25600,26700,27100,27200,26500,25900,24700,22926,21800,21200,20900,19900,18500,17200,15800,14900,14200,12800,11200,9900,8393
Male Malays 15 - 19 Years,17629,18200,19135,19957,20922,21672,22160,22504,23006,23602,24174,24543,25070,25315,25053,24632,23733,22764,21777,20800,20163,19700,18992,18121,17135,16004,15146,14379,14267,14498,15233,15875,16510,16633,17122,17651,18619,19862,21381,22927,23803,24474,24638,27700,27200,26700,25400,24400,22900,21800,20600,19300,17166,17000,15400,14400,13800,12300,10900,9900,8500,7300,7100,7200,7800,8528
Male Malays 20 - 24 Years,21756,22213,22587,23088,23682,24219,24538,25006,25206,24908,24461,23646,22657,21705,20711,19993,19546,18793,17795,16732,15870,14990,14266,14196,14483,15198,15803,16380,16433,16848,17361,18365,19686,21121,22617,23458,24027,24188,24328,23750,23212,22275,21256,23300,22200,20800,19400,18100,17000,15600,14900,14500,12127,10600,9600,8300,7000,6800,7000,7700,8800,10200,11000,11300,10900,10556
Male Malays 25 - 29 Years,24162,24371,24997,25200,24921,24437,23559,22571,21596,20621,19973,19574,18895,18020,16997,15855,14952,14249,14125,14365,15149,15702,16214,16249,16592,17054,17991,19252,20789,22339,23195,23757,23932,23876,23315,22781,21904,20947,19818,18963,17848,16720,15633,16900,15700,14800,14500,13300,11800,10900,9500,8100,7075,6800,7500,8400,9800,10500,10900,10800,10900,10700,10300,10000,9900,9552
Male Malays 30 - 34 Years,24464,23457,22569,21636,20661,19997,19575,18850,17966,17004,15921,15047,14339,14239,14462,15115,15672,16151,16147,16403,16900,17675,18802,20281,21796,22639,23255,23449,23575,23071,22577,21742,20859,19572,18727,17581,16435,15291,14317,13254,12583,12395,11400,11500,10600,9400,7800,7700,8000,8200,8400,8800,8578,10700,10500,10500,10300,9900,9700,9900,9800,10300,9800,9600,8700,8226
Male Malays 35 - 39 Years,19919,19338,18808,17940,16955,15830,14936,14181,14083,14338,15044,15622,16147,16092,16363,16726,17526,18630,19981,21406,22269,22808,22923,23029,22544,22058,21245,20408,19364,18547,17439,16290,15073,13934,12788,12079,11865,10881,9614,8817,7756,6367,6328,7600,7700,8000,8500,8600,8800,8400,8300,8000,7581,9500,9600,9500,9800,9500,9200,8600,8400,7900,8000,7500,7300,6917
Male Malays 40 - 44 Years,15616,14599,13994,13932,14169,14813,15354,15801,15803,16122,16509,17353,18495,19814,21154,21840,22329,22402,22640,22094,21669,20762,19858,18893,18108,17068,15972,14820,13811,12620,11847,11543,10467,9137,8393,7374,6053,6028,6415,6504,6800,7195,7407,8300,8000,8000,7700,7400,7400,7900,8100,8600,8539,8900,8400,8000,7600,7500,7100,7100,7000,6800,6100,5600,4900,4531
Male Malays 45 - 49 Years,14524,14873,15502,15500,15807,16143,16950,18047,19363,20747,21457,21931,22088,22127,21624,21124,20316,19452,18513,17668,16676,15574,14459,13510,12370,11610,11337,10309,9048,8246,7167,5830,5710,6052,6146,6431,6796,6977,7164,7052,7012,6862,6504,6900,7200,7400,7800,8000,8000,7700,7600,7200,6908,6800,6900,6600,6300,5800,5500,4800,4500,4000,4100,3700,3600,3449
Male Malays 50 - 54 Years,15718,16389,17630,18921,20212,20859,21342,21406,21462,21006,20539,19790,18965,18024,17225,16177,15099,13982,13016,11864,11278,10973,10000,8800,8022,6998,5699,5588,5879,5892,6094,6362,6426,6643,6637,6606,6487,6168,5956,6171,6406,6750,6991,7300,7200,7100,6800,6600,6300,6200,5900,5500,4778,5100,4400,4200,3600,3700,3400,3300,3300,3300,3200,2900,2700,2620
Male Malays 55 - 59 Years,20033,20358,20654,20697,20185,19777,18982,18189,17271,16523,15489,14444,13397,12467,11385,10730,10435,9497,8304,7523,6620,5402,5332,5564,5583,5792,6039,6084,6255,6202,6136,6016,5784,5492,5579,5782,6136,6408,6408,6292,6238,6019,5844,5800,5700,5300,5000,4500,4100,3700,3400,3400,3366,3100,3100,3000,2800,2700,2600,2400,2400,2100,2000,2200,2100,1866
Male Malays 60 - 64 Years,18630,17747,17180,16279,15577,14604,13619,12584,11686,10661,10038,9813,8931,7778,7041,6069,4934,4813,5054,5026,5311,5525,5503,5675,5641,5567,5451,5225,4944,4966,5122,5427,5657,5662,5517,5453,5324,5154,5001,4862,4638,4365,3995,3600,3200,2900,2900,2900,3000,2800,2800,2600,2274,2200,2100,2100,1800,1700,1800,1700,1700,1600,1500,1300,1200,1088
Male Malays 65 - 69 Years,13359,12359,11546,10730,9762,9132,8838,8046,7044,6380,5477,4418,4337,4539,4503,4656,4789,4744,4869,4813,4829,4737,4572,4260,4251,4372,4610,4805,4806,4683,4603,4532,4347,4242,4100,3884,3602,3309,2929,2597,2360,2292,2291,2400,2300,2200,2100,1900,1700,1600,1500,1400,1521,1400,1200,1200,1200,1100,1000,900,800,600,600,600,700,586
Male Malays 70 - 74 Years,7958,7668,7014,6096,5518,4734,3806,3721,3883,3815,3923,4064,3983,4035,3993,3944,3844,3677,3411,3367,3525,3689,3831,3841,3731,3622,3524,3371,3298,3159,3000,2762,2554,2279,2014,1859,1772,1749,1794,1760,1672,1527,1412,na,na,na,na,na,na,na,na,na,754,na,na,na,na,na,na,na,na,na,na,na,na,386
Male Malays 75 - 79 Years,3805,3002,2970,3116,3023,3110,3217,3126,3132,3049,3020,2918,2804,2571,2527,2490,2551,2610,2559,2309,2625,2513,2379,2254,2138,2019,1850,1766,1566,1384,1280,1204,1199,na,na,na,na,na,na,na,na,na,724,na,na,na,na,na,na,na,na,na,299,na,na,na,na,na,na,na,na,na,na,na,na,152
Male Malays 80 - 84 Years,2141,2199,2192,2166,2107,2031,1992,1906,1754,1678,1636,1674,1706,1688,1539,1476,1452,1421,1369,1323,1260,1103,1018,916,817,736,704,698,730,754,698,595,571,na,na,na,na,na,na,na,na,na,270,na,na,na,na,na,na,na,na,na,na,na,na,na,na,na,na,na,na,na,na,na,na,107
Male Malays 85 - 89 Years,1130,1115,1095,972,914,897,915,931,904,831,798,749,725,684,664,628,580,548,481,419,355,318,316,na,na,na,na,na,na,na,na,na,na,na,na,na,na,na,na,na,na,na,na,na,na,na,na,na,na,na,na,na,na,na,na,na,na,na,na,na,na,na,na,na,na,na
Male Malays 65 Years & Over,28868,26829,25301,23564,21776,20330,19169,18102,17072,16095,15163,14103,13823,13759,13457,13380,13373,13148,12848,12390,12767,12496,12240,11736,11424,11205,11067,11004,10743,10321,9879,9358,8925,8502,8058,7532,6981,6587,6154,5697,5252,4973,4818,4800,4500,4200,4100,3800,3600,3400,3100,2900,2807,2300,2100,2300,1900,1900,1800,1700,1600,1500,1400,1400,1500,1329
Male Malays 70 Years & Over,15509,14470,13755,12834,12014,11198,10331,10056,10028,9715,9686,9685,9486,9220,8954,8724,8584,8404,7979,7577,7938,7759,7668,7476,7173,6833,6457,6199,5937,5638,5276,4826,4578,4260,3958,3648,3379,3278,3225,3100,2892,2681,2527,2400,2200,2000,2000,1900,1900,1800,1600,1500,1286,900,900,1100,700,800,800,800,800,900,800,800,800,743
Male Malays 75 Years & Over,7551,6802,6741,6738,6496,6464,6525,6335,6145,5900,5763,5621,5503,5185,4961,4780,4740,4727,4568,4210,4413,4070,3837,3635,3442,3211,2933,2828,2639,2479,2276,2064,2024,1981,1944,1789,1607,1529,1431,1340,1220,1154,1115,na,na,na,na,na,na,na,na,na,532,na,na,na,na,na,na,na,na,na,na,na,na,357
Male Malays 80 Years & Over,3746,3800,3771,3622,3473,3354,3308,3209,3013,2851,2743,2703,2699,2614,2434,2290,2189,2117,2009,1901,1788,1557,1458,1381,1304,1192,1083,1062,1073,1095,996,860,825,na,na,na,na,na,na,na,na,na,391,na,na,na,na,na,na,na,na,na,233,na,na,na,na,na,na,na,na,na,na,na,na,205
Male Malays 85 Years & Over,1605,1601,1579,1456,1366,1323,1316,1303,1259,1173,1107,1029,993,926,895,814,737,696,640,578,528,454,440,465,487,456,379,364,343,341,298,265,254,na,na,na,na,na,na,na,na,na,121,na,na,na,na,na,na,na,na,na,na,na,na,na,na,na,na,na,na,na,na,na,na,98
Male Malays 90 Years & Over,475,486,484,484,452,426,401,372,355,342,309,280,268,242,231,186,157,148,159,159,173,136,124,na,na,na,na,na,na,na,na,na,na,na,na,na,na,na,na,na,na,na,na,na,na,na,na,na,na,na,na,na,na,na,na,na,na,na,na,na,na,na,na,na,na,na
Female Malays 0 - 4 Years,19691,19161,18820,18192,17545,16771,16096,15415,15030,14911,15120,15282,15707,15934,16173,16424,17015,17557,18377,18924,19799,20325,20795,21338,22110,22527,23121,23497,23870,23786,23557,22816,22139,21171,20271,19602,18949,18268,17143,16284,15273,14459,13907,14700,14800,15400,16000,16900,17100,18000,18900,20500,21372,24700,26600,27800,28000,27500,27000,26100,25200,24600,23800,23000,22400,21418
Female Malays 5 - 9 Years,16944,16163,15598,15231,15052,15279,15439,15784,15973,16291,16556,17147,17818,18699,19215,20033,20568,21058,21421,22150,22681,23265,23614,23979,23847,23486,22697,21971,21112,20214,19508,18887,18163,16996,16057,14983,14148,13591,13707,13980,14723,15597,16355,16800,17500,18100,19500,21100,23100,24600,25500,26000,25171,26200,25300,24400,23900,23100,22500,22300,21800,20900,19600,17900,16200,14684
Female Malays 10 - 14 Years,15275,15311,15817,16037,16321,16571,17146,17748,18606,19117,19967,20523,21067,21479,22213,22605,23225,23586,23995,23862,23460,22585,21772,20884,19973,19338,18734,18055,16965,16052,14934,14017,13324,13232,13478,14217,15062,15828,16074,16714,17257,18377,19742,22000,23500,24600,25100,25300,25300,24800,24600,23900,22390,22100,22000,21500,20600,19400,18000,16400,15400,14400,12800,11100,9700,8221
Female Malays 15 - 19 Years,16680,17145,17883,18746,19248,20063,20590,21080,21418,22165,22547,23170,23557,23958,23785,23415,22543,21770,20792,19862,19222,18588,17923,16847,15982,14906,14016,13317,13222,13369,14004,14710,15368,15576,16208,16737,17868,19241,20877,22212,23214,23554,23620,24700,24400,24000,23300,22600,21600,20900,19900,18900,17285,17700,16100,15300,14300,12600,11100,9900,8500,7400,7300,7900,8600,9047
Female Malays 20 - 24 Years,20161,20616,21226,21587,22304,22669,23260,23584,23959,23770,23363,22596,21852,20935,19983,19335,18750,18140,17093,16245,15256,14346,13647,13610,13785,14385,15082,15763,15930,16418,16765,17726,18922,20332,21648,22646,23028,23116,23106,22697,22215,21457,20517,21100,20400,19500,18500,17500,16600,15700,15100,14700,12423,10800,9800,8400,7200,7300,7900,8600,9400,10800,11100,11100,10500,9917
Female Malays 25 - 29 Years,22761,23161,23671,24043,23875,23510,22680,21895,21001,20183,19663,19155,18758,17926,17107,16216,15403,14726,14595,14636,15174,15741,16237,16394,16871,17209,18141,19337,20726,21800,22603,22802,22713,22433,22039,21613,20941,20158,19383,18677,17777,16877,15890,16100,15200,14600,14300,13100,11800,10900,9800,8700,7847,7700,8400,9300,10600,11000,11100,10500,10300,9900,9200,8800,8500,8145
Female Malays 30 - 34 Years,23666,22560,22045,21219,20443,19930,19368,18860,18019,17416,16620,15996,15468,15387,15386,15814,16392,16776,16809,17136,17527,18337,19439,20817,21907,22691,22915,22851,22620,22026,21421,20548,19618,18653,17964,17135,16357,15425,14605,13708,13087,12725,11622,11400,10500,9500,8300,8300,8900,9300,9500,9800,9642,10800,10400,10200,9800,9200,8600,8600,8300,8500,7900,7300,6500,5989
Female Malays 35 - 39 Years,19886,19123,18911,18139,17557,16674,16003,15401,15347,15492,15996,16564,17052,17063,17333,17651,18456,19529,20757,21802,22754,22910,22848,22603,22019,21438,20587,19686,18777,17935,16901,16005,14908,13987,13115,12539,12197,11142,9888,9134,8137,7060,7184,8500,8800,8900,9200,9500,9600,9200,9200,8800,7952,8400,8400,8300,8300,7700,7200,6500,6200,5600,5500,5100,5000,4735
Female Malays 40 - 44 Years,16499,15547,15288,15267,15374,15805,16347,16742,16833,17201,17540,18384,19474,20739,21744,22447,22660,22540,22333,21723,21349,20518,19623,18757,17963,16950,16056,14949,14025,12982,12281,11772,10643,9360,8660,7699,6680,6820,7326,7529,7741,7883,8115,8800,8600,8500,8300,7900,7400,7400,7400,7300,6632,6900,6400,6100,5500,5300,5000,5000,4800,4800,4300,4000,3600,3297
Female Malays 45 - 49 Years,15462,15753,16508,16631,17014,17308,18106,19161,20424,21463,22195,22416,22329,22104,21494,20904,20130,19298,18456,17676,16844,15956,14878,13982,12979,12268,11771,10640,9298,8473,7455,6371,6427,6832,7005,7193,7229,7378,7623,7562,7628,7588,7212,7100,7000,7000,6800,6500,6000,5700,5500,5300,4954,4800,4900,4600,4500,4200,3900,3500,3400,3000,3000,2800,2900,2779
Female Malays 50 - 54 Years,16826,17385,18799,20040,21023,21701,21870,21786,21576,21018,20462,19774,18971,18169,17398,16433,15582,14486,13598,12547,12057,11569,10467,9174,8371,7351,6304,6378,6665,6744,6818,6662,6592,6967,7062,7183,7292,7016,6554,6359,6349,6276,6003,5800,5400,5200,4900,4700,4600,4400,4100,3900,3526,3800,3400,3200,3000,3000,2700,2800,2800,2700,2500,2400,2100,1871
Female Malays 55 - 59 Years,20963,20760,21158,20993,20452,19890,19136,18336,17548,16848,15968,15149,14138,13270,12306,11633,11161,10063,8784,7982,7126,6088,6165,6460,6532,6587,6444,6365,6620,6677,6741,6931,6743,6259,5960,5945,5910,5682,5327,4969,4720,4461,4243,4200,4000,3800,3700,3300,3000,2900,2700,2600,2709,2600,2500,2500,2400,2200,2200,2000,1800,1400,1300,1400,1300,1302
Female Malays 60 - 64 Years,18904,17887,17643,16862,16165,15331,14528,13524,12729,11831,11169,10714,9677,8431,7674,6688,5711,5744,6013,6003,6215,6061,5961,6198,6216,6270,6458,6272,5808,5475,5453,5463,5277,4980,4598,4341,4114,3895,3739,3594,3370,3190,2962,2700,2500,2400,2300,2300,2400,2400,2200,2200,1982,1800,1600,1600,1100,1200,1200,1100,1200,1300,1300,1200,1100,931
Female Malays 65 - 69 Years,14311,13400,12820,12041,11160,10498,10029,9085,7900,7166,6246,5288,5325,5541,5547,5615,5438,5324,5497,5508,5685,5851,5635,5192,4857,4821,4808,4677,4407,4098,3842,3673,3471,3297,3186,2972,2786,2595,2348,2145,1984,1910,1902,2000,2000,1900,1800,1600,1500,1300,1200,1100,1020,900,900,900,1000,1000,900,900,800,600,600,500,500,558
Female Malays 70 - 74 Years,9532,8971,8260,7168,6493,5651,4765,4746,4958,4914,4973,4839,4731,4854,4871,4864,5023,4815,4364,4032,4082,4037,3926,3713,3446,3158,3001,2818,2659,2560,2393,2231,2129,1945,1773,1626,1534,1540,1562,1544,1455,1293,1220,na,na,na,na,na,na,na,na,na,684,na,na,na,na,na,na,na,na,na,na,na,na,406
Female Malays 75 - 79 Years,4802,3993,4045,4209,4170,4223,4058,3992,4068,4048,4022,4133,3948,3556,3217,3101,3019,2855,2657,2323,2430,2260,2091,1941,1835,1706,1579,1493,1368,1268,1193,1119,1150,na,na,na,na,na,na,na,na,na,548,na,na,na,na,na,na,na,na,na,295,na,na,na,na,na,na,na,na,na,na,na,na,196
Female Malays 80 - 84 Years,3208,3071,3055,3088,3024,2981,3095,2936,2632,2395,2229,2142,2011,1870,1691,1563,1442,1375,1283,1189,1103,968,900,822,771,700,624,678,706,736,675,582,545,na,na,na,na,na,na,na,na,na,245,na,na,na,na,na,na,na,na,na,na,na,na,na,na,na,na,na,na,na,na,na,na,163
Female Malays 85 - 89 Years,1874,1937,1866,1673,1484,1374,1311,1232,1156,1010,922,831,812,747,706,630,532,493,442,418,356,285,315,na,na,na,na,na,na,na,na,na,na,na,na,na,na,na,na,na,na,na,na,na,na,na,na,na,na,na,na,na,na,na,na,na,na,na,na,na,na,na,na,na,na,na
Female Malays 65 Years & Over,34516,32137,30799,28863,26965,25296,23755,22499,21158,19955,18775,17540,17115,16842,16282,15985,15623,15043,14430,13646,13820,13529,12988,12135,11391,10834,10384,10032,9492,8994,8396,7848,7551,7141,6816,6223,5742,5496,5194,4868,4438,4157,4073,4100,3900,3600,3500,3300,3300,2800,2600,2400,2328,2100,2100,2200,2000,1900,1900,1900,1900,1500,1600,1500,1500,1474
Female Malays 70 Years & Over,20205,18737,17979,16822,15805,14798,13726,13414,13258,12789,12529,12252,11790,11301,10735,10370,10185,9719,8933,8138,8135,7678,7353,6943,6534,6013,5576,5355,5085,4896,4554,4175,4080,3844,3630,3251,2956,2901,2846,2723,2454,2247,2171,2100,1900,1700,1700,1700,1800,1500,1400,1300,1308,1200,1200,1300,1000,900,1000,1000,1100,900,1000,1000,1000,916
Female Malays 75 Years & Over,10673,9766,9719,9654,9312,9147,8961,8668,8300,7875,7556,7413,7059,6447,5864,5506,5162,4904,4569,4106,4053,3641,3427,3230,3088,2855,2575,2537,2426,2336,2161,1944,1951,1899,1857,1625,1422,1361,1284,1179,999,954,951,na,na,na,na,na,na,na,na,na,624,na,na,na,na,na,na,na,na,na,na,na,na,510
Female Malays 80 Years & Over,5871,5773,5674,5445,5142,4924,4903,4676,4232,3827,3534,3280,3111,2891,2647,2405,2143,2049,1912,1783,1623,1381,1336,1289,1253,1149,996,1044,1058,1068,968,825,801,na,na,na,na,na,na,na,na,na,403,na,na,na,na,na,na,na,na,na,329,na,na,na,na,na,na,na,na,na,na,na,na,314
Female Malays 85 Years & Over,2663,2702,2619,2357,2118,1943,1808,1740,1600,1432,1305,1138,1100,1021,956,842,701,674,629,594,520,413,436,467,482,449,372,366,352,332,293,243,256,na,na,na,na,na,na,na,na,na,158,na,na,na,na,na,na,na,na,na,na,na,na,na,na,na,na,na,na,na,na,na,na,151
Female Malays 90 Years & Over,789,765,753,684,634,569,497,508,444,422,383,307,288,274,250,212,169,181,187,176,164,128,121,na,na,na,na,na,na,na,na,na,na,na,na,na,na,na,na,na,na,na,na,na,na,na,na,na,na,na,na,na,na,na,na,na,na,na,na,na,na,na,na,na,na,na
Male Chinese 0 - 4 Years,59435,60083,62421,64062,64571,66394,66943,65896,65120,65562,65510,64775,65689,66333,65512,65541,66097,69091,72121,74416,77931,80612,81700,84343,87292,88678,89027,90157,89417,90828,89846,86238,81827,79633,75047,73639,75570,76787,76360,77270,76045,76078,75750,79100,81600,86100,88100,90400,90100,88800,87300,86400,87399,96500,100700,105200,107500,109400,112500,114500,117000,116400,114500,111500,107600,102848
Male Chinese 5 - 9 Years,70743,70576,70791,70210,70539,70115,69259,69716,69555,68932,68931,69469,72775,75693,77407,80261,83458,84826,86897,89706,92222,92376,93365,92995,94290,92974,89085,84759,82673,77455,75849,77440,78220,77863,78946,77949,78368,78288,78971,80644,84415,86019,87647,89500,88500,87300,87200,88700,92800,97200,100300,103100,103778,111500,113900,115800,115700,113800,111100,108300,104900,101900,99200,96200,92400,88108
Male Chinese 10 - 14 Years,70661,69117,70928,70933,70044,69850,70290,73335,76144,78468,81512,84973,86617,88765,91386,92408,92692,93737,93195,94820,94574,90917,86660,84409,79022,77229,78757,79779,79929,81221,80414,81052,80899,80678,82250,85862,87324,88869,89199,87894,86547,86418,88184,93700,98300,101500,104600,106900,109800,111300,112800,113700,111872,110700,108500,105200,102300,99200,96900,94400,91300,89400,82700,72900,65500,57342
Male Chinese 15 - 19 Years,70863,70471,74493,77349,79286,82160,85383,86728,88722,91804,93414,93766,94837,94303,95430,93962,90325,86152,83901,78671,77331,78985,80036,80103,81348,80417,81061,81024,81424,83209,87084,88696,90345,89837,88281,86641,86215,87717,90791,95119,98404,101505,104106,111900,113300,114500,115200,114300,111900,109800,106800,102300,97691,96500,93700,91400,88900,83200,73400,66600,59500,53300,53400,55800,55600,55187
Male Chinese 20 - 24 Years,82578,85234,87309,89204,92077,93506,93681,94775,94189,95779,95079,91656,88489,86757,81017,79340,80880,81407,80550,81372,83454,83940,83872,84305,86110,90356,92169,94008,94681,93447,91760,90979,91919,90810,94596,97427,100494,103296,105994,107875,109169,110086,108437,113000,110700,107600,103300,99800,97300,94600,91800,89300,79595,73000,66600,59400,53000,53300,55500,56200,56800,56600,54100,50200,46200,42965
Male Chinese 25 - 29 Years,101417,100487,103369,103367,105003,104440,100380,96831,94600,89948,88944,92011,94997,95875,94660,92841,92976,92941,93594,95657,101055,101128,102406,103367,102231,100900,100279,101281,103607,107143,108959,110581,111603,109710,111336,112550,114190,113619,111711,109061,105071,99659,94537,97800,95000,92100,89900,83500,73800,67000,59100,52900,50788,54900,56500,57100,56000,54000,50600,46500,44700,42800,40700,39800,39200,37851
Male Chinese 30 - 34 Years,114178,108285,106485,104571,98895,97484,99734,100938,101060,102421,101426,102101,102963,103096,102857,105761,106164,107419,107696,106427,107453,106624,108157,110920,114311,115990,117621,118173,118936,119528,119777,120407,119013,114470,112290,109045,104346,99913,96083,92365,88962,86445,79979,74900,67500,60300,53700,53500,56100,56600,56200,55100,51471,50200,46500,44200,42600,40900,39900,39600,39200,38100,36300,34300,31600,29491
Male Chinese 35 - 39 Years,100950,101016,104060,104225,105120,103832,104108,104242,104419,105906,109368,110390,111936,111983,109393,107817,107083,108770,111676,115777,120578,122471,123223,123612,123523,123092,123513,122091,120225,118030,115010,110438,105766,99733,95701,92000,89454,82828,73374,66144,58853,51960,51484,56600,56700,56300,54600,52500,49400,46000,45100,43600,41335,39300,39500,38900,37300,35700,34200,31900,30500,28900,28600,28200,28100,27647
Male Chinese 40 - 44 Years,103804,101866,104362,104660,105892,109212,110080,111298,111470,110102,108947,108378,110140,112671,116022,118525,120698,121539,122292,122591,124446,124778,123391,121498,119203,116137,111644,107387,103798,99977,96356,93465,86057,74611,67416,60037,53054,52701,55092,55041,54480,52760,50135,48800,45400,43900,43100,41500,40000,39400,38600,37200,34643,33000,31000,29700,29100,28400,28500,28500,28400,28900,28600,28800,29200,29498
Male Chinese 45 - 49 Years,107284,106235,110281,110551,109048,107610,106909,108315,111126,115135,117903,120103,120999,121456,121208,121204,121706,120706,119106,117158,115731,111402,107176,103718,99949,96291,93586,86551,76609,69255,61602,54273,53712,55166,54856,54159,52182,49166,46657,43406,42008,41154,39747,39200,38600,37400,36500,34600,32600,31000,28900,28300,27344,27500,27100,27500,28400,27700,28500,29200,29800,30300,30500,30000,28700,27357
Male Chinese 50 - 54 Years,104174,101983,106051,109012,112715,115156,117173,118039,118717,118916,118759,119137,118135,116776,114804,111834,107586,103409,99903,95945,94862,92178,85271,75547,68244,60766,53549,53090,55303,54870,54021,51702,48091,45222,42268,40911,40374,39282,37675,36829,35688,34528,32798,31700,29700,28200,27000,26600,26200,25800,25500,25900,25532,26700,27900,28200,28400,29200,28500,27800,27100,25600,24800,23900,22800,22085
Male Chinese 55 - 59 Years,110303,110960,114766,115628,115822,115478,115891,114879,113178,111290,108646,104682,100700,97542,93728,90371,87711,81083,71859,64815,58903,51814,51302,53421,53054,52256,50051,46639,44083,41066,39626,39248,38341,36254,35164,34023,32889,31317,29678,27866,26291,25035,24394,24400,24200,24100,24300,24100,24400,24100,24500,25700,25710,25900,24800,24400,23200,22600,22100,21500,21000,19700,19100,18400,17000,15776
Male Chinese 60 - 64 Years,110206,109470,110715,109243,107316,104638,100764,97035,93875,90404,87027,84527,78134,69071,62207,55376,48538,48031,49988,49450,49365,47330,43968,41589,38705,37326,36948,35982,34165,32894,31691,30634,29266,27629,26106,24614,23349,22681,22189,21795,21607,21581,21415,21800,21900,22000,22400,22900,22700,22400,22100,21000,19981,18800,18600,17500,17200,16800,15700,14600,13500,13200,11400,11000,10500,9679
Male Chinese 65 - 69 Years,98408,93978,92021,89176,85687,82321,79855,73661,65144,58695,52217,45669,45019,46706,46098,45188,43159,39958,37565,34702,33886,33540,32615,30792,29609,28425,27341,26067,24736,23437,22202,21076,20438,19779,19245,18963,18776,18531,18482,18474,18502,18691,19001,19100,18900,18600,17700,16700,16200,15300,14900,14000,13429,12600,11600,10700,9700,8700,8500,8300,7400,7200,7000,6700,6400,5544
Male Chinese 70 - 74 Years,75364,72410,67776,59862,53792,47722,41479,40737,42164,41562,40696,38943,35928,33488,30691,29234,28788,27778,26045,24834,24273,23198,22050,20806,19602,18464,17411,16776,16267,15789,15539,15427,15360,15203,15267,15144,15101,15206,14931,14651,14297,13627,12689,na,na,na,na,na,na,na,na,na,6798,na,na,na,na,na,na,na,na,na,na,na,na,2714
Male Chinese 75 - 79 Years,41221,35478,35191,36413,35684,34843,33270,30617,28394,25900,24440,23859,22977,21353,20166,19077,17947,16677,15403,13782,14267,13186,12437,11936,11488,11296,11183,11130,11139,11241,11311,11382,11478,na,na,na,na,na,na,na,na,na,6539,na,na,na,na,na,na,na,na,na,3237,na,na,na,na,na,na,na,na,na,na,na,na,1120
Male Chinese 80 - 84 Years,27092,26004,24009,22303,20059,18718,18180,17255,15940,15046,14098,13191,12183,11217,10235,9463,8786,8342,7980,7589,7464,7160,6907,6899,6955,6985,7080,7172,7134,6977,6792,6515,5984,na,na,na,na,na,na,na,na,na,2375,na,na,na,na,na,na,na,na,na,na,na,na,na,na,na,na,na,na,na,na,na,na,345
Male Chinese 85 - 89 Years,12099,11881,11349,10381,9702,8972,8372,7720,7062,6335,5887,5360,5034,4702,4423,4284,4149,3925,3833,3746,3754,3713,3659,na,na,na,na,na,na,na,na,na,na,na,na,na,na,na,na,na,na,na,na,na,na,na,na,na,na,na,na,na,na,na,na,na,na,na,na,na,na,na,na,na,na,na
Male Chinese 65 Years & Over,259770,245071,235313,222693,209047,196409,184649,173276,161752,150516,140140,129697,123672,119903,113965,109474,104959,98738,92779,86451,85457,82464,79135,75502,72608,69933,67570,65404,63222,61083,59150,57393,55996,54035,52542,51152,49635,48159,46733,45525,44281,42980,41646,40500,39300,38000,36100,34200,33100,31100,29400,27600,25036,20400,19400,17600,17100,15300,14900,14600,12800,12500,12100,11600,10500,9829
Male Chinese 70 Years & Over,161362,151093,143292,133517,123360,114088,104794,99615,96608,91821,87923,84028,78653,73197,67867,64286,61800,58780,55214,51749,51571,48924,46520,44710,42999,41508,40229,39337,38486,37646,36948,36317,35558,34256,33297,32189,30859,29628,28251,27051,25779,24289,22645,21400,20400,19400,18400,17500,16900,15800,14500,13600,11607,7800,7800,6900,7400,6600,6400,6300,5400,5300,5100,4900,4100,4285
Male Chinese 75 Years & Over,85998,78683,75516,73655,69568,66366,63315,58878,54444,50259,47227,45085,42725,39709,37176,35052,33012,31002,29169,26915,27298,25726,24470,23904,23397,23044,22818,22561,22219,21857,21409,20890,20198,19053,18030,17045,15758,14422,13320,12400,11482,10662,9956,na,na,na,na,na,na,na,na,na,4809,na,na,na,na,na,na,na,na,na,na,na,na,1571
Male Chinese 80 Years & Over,44777,43205,40325,37242,33884,31523,30045,28261,26050,24359,22787,21226,19748,18356,17010,15975,15065,14325,13766,13133,13031,12540,12033,11968,11909,11748,11635,11431,11080,10616,10098,9508,8720,na,na,na,na,na,na,na,na,na,3417,na,na,na,na,na,na,na,na,na,1572,na,na,na,na,na,na,na,na,na,na,na,na,451
Male Chinese 85 Years & Over,17685,17201,16316,14939,13825,12805,11865,11006,10110,9313,8689,8035,7565,7139,6775,6512,6279,5983,5786,5544,5567,5380,5126,5069,4954,4763,4555,4259,3946,3639,3306,2993,2736,na,na,na,na,na,na,na,na,na,1042,na,na,na,na,na,na,na,na,na,na,na,na,na,na,na,na,na,na,na,na,na,na,106
Male Chinese 90 Years & Over,5586,5320,4967,4558,4123,3833,3493,3286,3048,2978,2802,2675,2531,2437,2352,2228,2130,2058,1953,1798,1813,1667,1467,na,na,na,na,na,na,na,na,na,na,na,na,na,na,na,na,na,na,na,na,na,na,na,na,na,na,na,na,na,na,na,na,na,na,na,na,na,na,na,na,na,na,na
Female Chinese 0 - 4 Years,57008,57666,60058,61341,61658,63058,63234,62057,61543,61849,62238,61615,62624,63244,62175,62253,62705,65262,67674,69496,72577,74868,75984,78555,81616,82624,83346,84287,83466,84537,83698,79777,75579,73539,69089,67659,69314,70757,70153,70812,69869,70082,69607,73200,75900,80100,82100,84000,83600,82500,81000,80900,81626,91600,96900,99500,102500,104400,107500,109400,110900,110300,107700,104800,99900,94910
Female Chinese 5 - 9 Years,66959,66321,66704,66410,66558,66455,65998,66418,66211,65569,65648,66191,69089,71240,72583,74920,77746,79148,81041,84072,86308,86786,87680,87130,88091,86951,82707,78415,76509,71407,69685,71004,72137,71806,72783,72111,72739,72461,73402,75275,78686,80163,81694,83300,82500,81600,81600,83200,87100,91400,94700,97600,97544,106300,108200,109900,109100,107200,104700,101300,97200,95000,92300,89400,85800,82066
Female Chinese 10 - 14 Years,66824,65367,67631,67678,66752,66598,66935,69774,71955,73976,76622,79734,81409,83527,86225,86709,87270,88206,87574,88821,88749,84683,80370,78276,73019,71159,72441,73768,73892,75101,74739,75691,75473,75342,77062,80288,81532,82877,83076,82033,81050,81317,83297,87900,92300,95900,98800,101000,103600,104100,105600,106500,105326,104700,100600,97200,95300,93000,90100,87800,85300,82900,76900,67500,60400,52361
Female Chinese 15 - 19 Years,67233,66502,71081,73472,74912,77408,80391,81913,83967,87625,89080,89936,91302,90833,91259,88996,84774,80493,78365,73253,72067,73517,74731,74779,75899,75349,76205,76097,76566,78460,82024,83397,84869,83709,82186,80933,81038,83134,86340,90571,93517,96096,97634,105900,107100,107800,108700,108300,106600,104400,101300,96900,91972,90100,87800,85400,82900,76700,68600,62100,54500,49100,48700,51500,52000,51969
Female Chinese 20 - 24 Years,78396,80359,83744,85911,88579,89968,90928,92491,92582,94681,94133,90166,87232,85528,78812,76245,77884,78946,79512,81746,83164,83679,83460,84240,86225,90088,91891,93978,94453,93101,90601,88626,88649,87509,91674,94320,97140,98931,100972,102054,102960,103533,102358,108400,105900,103100,99100,95500,92900,90200,87500,85600,76773,68500,62000,54200,48700,49000,52000,53300,54500,54200,52300,49200,45700,42948
Female Chinese 25 - 29 Years,102448,101561,105382,105926,108120,108422,104463,101120,99187,94507,93812,96675,100574,101995,100192,98777,99841,99973,101160,103354,108378,107843,109035,110023,108770,106560,104545,104510,104937,106643,107280,108086,108029,106056,106785,107741,108866,108538,106985,104101,100397,95711,91242,94200,91600,89000,87100,80700,71600,65100,58000,51900,49897,51600,53000,54200,53800,52500,49200,46600,44600,43300,41900,40900,40100,38760
Female Chinese 30 - 34 Years,121445,115145,114650,113405,107978,106962,109155,110839,110916,112654,112033,113208,113716,113845,113255,116113,116308,117204,117637,116200,116773,114563,114310,114906,116315,116361,117162,116959,117192,116775,116492,116253,114777,110695,108070,104779,100629,96579,93151,90230,87315,85051,78534,72800,66000,58800,52100,52600,55700,56400,56000,54300,50428,49300,46200,44500,42900,41900,40900,41200,40000,38900,36300,34400,32200,29853
Female Chinese 35 - 39 Years,110751,110020,115053,115478,116767,115729,116593,116429,116487,117668,120982,121267,122824,122612,119560,117442,115538,115303,115903,117830,121414,122363,122055,122231,121551,120991,120780,119518,117473,114397,110749,106061,101211,95865,92705,89705,87552,81054,71902,65157,57811,51021,51196,55900,56600,56100,54300,51500,48400,44500,43600,43000,41009,40800,40100,40100,38600,36200,34700,32400,30900,29300,29500,29600,28800,28270
Female Chinese 40 - 44 Years,115099,113067,116766,117376,118524,121594,121695,122989,122882,121263,119310,117315,117193,117413,118511,119636,120797,120586,121017,120641,122761,122703,121555,119705,116708,112996,108302,103642,99824,96314,92946,90396,83418,72989,66339,58870,51953,52121,54762,55046,54527,52447,49349,47800,44100,43000,42600,41500,40200,39600,38900,38200,35802,33900,32500,30400,29800,29800,29100,29000,28900,29300,29000,28400,28200,27779
Female Chinese 45 - 49 Years,119144,117038,122098,122466,120688,118325,116313,115886,116414,118279,119469,120835,120562,120712,119908,119822,120053,119328,117730,115049,113341,108833,104278,100555,97152,93842,91294,84416,74690,67856,60110,52865,52813,54990,54996,54369,51986,48402,45767,42482,41380,41180,40065,39500,39000,38400,37200,35700,33700,32200,30800,30200,29388,29300,28800,28900,29100,28400,28400,28400,28200,28000,27700,27300,25400,24531
Female Chinese 50 - 54 Years,114890,111177,114093,114976,116686,117531,118733,118458,118980,118587,118400,118598,117783,116407,113644,110333,105933,101337,97723,94168,93283,90870,84215,74676,67852,60149,53027,52975,55429,55242,54429,51667,47420,44683,41621,40560,40671,39985,38514,37978,37339,36247,34713,33400,31700,30000,29200,28800,28600,28700,28200,27900,27676,27700,28000,27500,27600,27000,26300,25700,25000,24200,22800,21900,20900,19532
Female Chinese 55 - 59 Years,113829,113555,116221,117007,116668,116335,116590,115878,114196,111664,108408,104272,99877,96583,93051,90248,87992,81500,72274,65739,59319,52347,52317,54787,54668,53985,51273,47018,44280,41089,39871,40073,39775,37968,37218,36670,35732,34430,32630,30716,29085,27874,27378,27700,27400,27100,27200,26900,26600,26800,26600,27000,26705,25400,24200,23700,22500,22000,21500,20200,19700,18500,17900,16600,15800,14733
Female Chinese 60 - 64 Years,112602,111676,113310,111913,109436,106162,102107,97839,94552,91423,88727,86567,80199,71089,64623,57230,50401,50435,52820,52520,52712,50082,45961,43282,40225,39065,39140,38836,37087,36304,35736,34892,33824,31972,30122,28527,27198,26495,26397,25946,25542,25386,25015,25200,25100,25100,25100,25000,24600,24300,23200,22200,20638,20000,18900,18600,17400,16300,15900,14800,14400,13400,12300,11800,11300,10782
Female Chinese 65 - 69 Years,102162,97430,95076,92066,88995,86261,84026,77724,68979,62892,55695,49085,49016,51261,50937,50207,47644,43572,40944,37863,37314,37355,37006,35415,34584,33949,33188,32123,30502,28710,27231,25925,25162,24938,24551,24059,23811,23481,23068,22821,22697,22451,22240,22300,21700,20900,19800,18800,18200,17200,16800,15900,15069,13900,13600,12600,11600,11400,10400,10100,9900,9500,9200,8900,8500,7720
Female Chinese 70 - 74 Years,81924,79296,74542,66153,60163,53172,46759,46573,48725,48423,47786,45417,41419,38724,35621,34381,34343,33901,32237,31336,31189,30447,29397,27903,26136,24596,23252,22338,22186,21877,21520,21432,21315,20835,20572,20361,20001,19744,19269,18621,17758,16852,15831,na,na,na,na,na,na,na,na,na,9343,na,na,na,na,na,na,na,na,na,na,na,na,4700
Female Chinese 75 - 79 Years,49141,42998,43128,44962,44563,43882,41656,37946,35437,32527,31180,31018,30534,28808,27949,27142,26204,25117,23331,21040,21331,19868,18689,18277,17797,17434,17289,17231,16992,16921,16968,16835,16661,na,na,na,na,na,na,na,na,na,9703,na,na,na,na,na,na,na,na,na,5748,na,na,na,na,na,na,na,na,na,na,na,na,2520
Female Chinese 80 - 84 Years,38040,35990,32997,30690,27997,26719,26440,25900,24391,23454,22713,21864,20865,19467,17845,16627,15480,14602,14211,13826,13471,12982,12526,12288,12229,12172,12134,11962,11756,11435,10904,10330,9666,na,na,na,na,na,na,na,na,na,4665,na,na,na,na,na,na,na,na,na,na,na,na,na,na,na,na,na,na,na,na,na,na,1053
Female Chinese 85 - 89 Years,20323,20263,19797,18484,17535,16955,16290,15530,14440,13291,12337,11405,10638,10183,9771,9303,8965,8658,8225,7951,7851,7518,7206,na,na,na,na,na,na,na,na,na,na,na,na,na,na,na,na,na,na,na,na,na,na,na,na,na,na,na,na,na,na,na,na,na,na,na,na,na,na,na,na,na,na,na
Female Chinese 65 Years & Over,305957,289827,278634,264641,250580,237421,224793,212613,200581,188823,177516,166210,159513,155051,148385,143558,138243,131153,123826,116462,115317,111921,108234,104169,100705,97641,94833,92143,89330,86355,83495,80967,78843,76357,74082,71507,69060,66710,64234,62066,59941,57720,55475,54300,52300,50000,47700,45500,43700,41500,39600,36800,34487,30900,29500,28200,26900,25600,24300,22900,22400,21000,20300,19000,18100,16439
Female Chinese 70 Years & Over,203795,192397,183558,172575,161585,151160,140767,134889,131602,125931,121821,117125,110497,103790,97448,93351,90599,87581,82882,78599,78003,74566,71228,68754,66121,63692,61645,60020,58828,57645,56264,55042,53681,51419,49531,47448,45249,43229,41166,39245,37244,35269,33235,32000,30600,29100,27900,26700,25500,24300,22800,20900,19418,17000,15900,15600,15300,14200,13900,12800,12500,11500,11100,10100,9600,8719
Female Chinese 75 Years & Over,121871,113101,109016,106422,101422,97988,94008,88316,82877,77508,74035,71708,69078,65066,61827,58970,56256,53680,50645,47263,46814,44119,41831,40851,39985,39096,38393,37682,36642,35768,34744,33610,32366,30584,28959,27087,25248,23485,21897,20624,19486,18417,17404,na,na,na,na,na,na,na,na,na,10075,na,na,na,na,na,na,na,na,na,na,na,na,4019
Female Chinese 80 Years & Over,72730,70103,65888,61460,56859,54106,52352,50370,47440,44981,42855,40690,38544,36258,33878,31828,30052,28563,27314,26223,25483,24251,23142,22574,22188,21662,21104,20451,19650,18847,17776,16775,15705,na,na,na,na,na,na,na,na,na,7701,na,na,na,na,na,na,na,na,na,4327,na,na,na,na,na,na,na,na,na,na,na,na,1499
Female Chinese 85 Years & Over,34690,34113,32891,30770,28862,27387,25912,24470,23049,21527,20142,18826,17679,16791,16033,15201,14572,13961,13103,12397,12012,11269,10616,10286,9959,9490,8970,8489,7894,7412,6872,6445,6039,na,na,na,na,na,na,na,na,na,3036,na,na,na,na,na,na,na,na,na,na,na,na,na,na,na,na,na,na,na,na,na,na,446
Female Chinese 90 Years & Over,14367,13850,13094,12286,11327,10432,9622,8940,8609,8236,7805,7421,7041,6608,6262,5898,5607,5303,4878,4446,4161,3751,3410,na,na,na,na,na,na,na,na,na,na,na,na,na,na,na,na,na,na,na,na,na,na,na,na,na,na,na,na,na,na,na,na,na,na,na,na,na,na,na,na,na,na,na
Male Indians 0 - 4 Years,7743,7799,8074,8327,8571,8703,8635,8621,8530,8983,10015,10916,12116,12798,12314,12163,12031,11655,11227,11115,11053,10825,10685,10871,10787,10672,10485,10405,10283,10079,9841,9494,9072,8695,8337,8154,7998,7827,7384,6891,6225,5568,4940,5400,5600,5900,6300,6800,7000,7200,7500,7700,7857,8200,8800,9100,9500,10000,10400,10800,11300,11400,11100,10800,10400,9601
Male Indians 5 - 9 Years,10757,10674,10827,11177,11518,12021,12637,13032,13285,13577,13571,13420,13313,13201,12611,12463,12300,11993,11693,11561,11764,11531,11495,11413,11155,10671,10207,9695,9243,8699,8397,8119,7854,7517,7189,6677,6198,5703,5541,5509,5599,5779,6046,6600,7000,7200,7600,7900,8400,8900,9300,9500,9563,9600,9900,10200,10100,9900,9600,9000,8700,8400,8000,7900,7800,7224
Male Indians 10 - 14 Years,12491,12726,13172,13320,13329,13045,12722,12541,12534,12326,12272,12108,12020,11835,11705,11725,11720,11624,11492,11293,11109,10720,10320,9862,9326,8964,8646,8335,8029,7647,7162,6796,6434,6160,6161,6244,6438,6744,6880,7058,7224,7463,7704,8400,8800,9300,9500,9900,10200,10300,10500,10200,9641,8800,8500,7800,7600,7300,7100,6900,6700,6500,6000,5400,5000,4396
Male Indians 15 - 19 Years,12768,12149,12054,12114,11849,11678,11463,11319,11241,11232,11362,11332,11314,11214,11071,10771,10539,10139,9688,9246,9100,8808,8591,8307,7995,7512,7147,6753,6576,6585,6695,6974,7417,7466,7636,7794,8026,8325,8606,8985,9199,9268,9388,10400,10700,10800,10600,10300,9700,9100,8500,8000,7388,6600,6400,6000,5800,5400,4700,4400,4100,3800,4100,4600,5300,5356
Male Indians 20 - 24 Years,11507,11199,11170,11097,11058,11163,11125,11125,11075,10987,10863,10752,10621,10323,9811,9492,9182,8833,8452,8099,7843,7470,7129,6979,7020,7069,7225,7483,7677,7926,8237,8613,9080,9118,9497,9732,9844,9954,10091,10003,9905,9604,9120,10300,9600,9000,8400,7800,7500,7100,6700,6500,5723,4500,4100,3700,3400,3600,4100,4700,4900,5200,5200,5300,5600,6343
Male Indians 25 - 29 Years,11347,11153,11531,11547,11510,11330,11136,10966,10907,11080,11553,12389,13581,14031,12088,10820,10038,9379,8617,8703,8800,8739,9459,10131,10290,10034,9733,9791,10019,10403,10663,10838,10979,10730,10674,10642,10354,9914,9318,8628,8019,7512,6894,7900,7500,7000,6700,6000,5300,4800,4400,4200,4269,3900,4300,4500,4500,4600,4700,4900,5900,7000,8100,9300,10600,10633
Male Indians 30 - 34 Years,11965,11436,11486,11477,11541,11997,12869,14105,15296,16555,17505,18481,18990,18783,16639,15951,15365,14748,13454,13361,13291,12952,13218,13516,13387,12852,12300,11910,11796,11655,11604,11334,10938,9989,9306,8745,8258,7649,7279,6844,6413,6082,5445,5600,5000,4500,4200,4500,4900,5000,5000,4800,4497,4400,4500,5300,6300,7300,8300,9400,9900,10700,10500,10700,10600,10562
Male Indians 35 - 39 Years,12825,13163,14298,15236,16330,17284,18172,18689,19363,19702,20103,20231,20299,19482,17879,17255,16549,15827,15099,14914,14745,14132,13818,13648,13231,12761,12170,11534,10837,10080,9558,9090,8425,7871,7475,7022,6744,6126,5319,4759,4180,3787,3888,4900,4900,4900,4700,4500,4200,4500,5100,5900,6505,7700,8600,8800,9600,9500,9600,9400,9700,9900,10100,10000,10600,10323
Male Indians 40 - 44 Years,17235,17396,18122,18564,18881,19183,19315,19461,19086,18724,18282,17781,17382,16847,16117,15735,15062,14416,14019,13560,13386,12887,12420,11708,10860,10176,9569,8831,8464,8082,7643,7421,6838,5851,5285,4717,4278,4397,4687,4667,4562,4239,3947,4200,4300,4700,5300,6000,6700,7300,7700,8100,8281,8800,8600,8500,8600,9100,8800,9200,9300,9500,8900,8900,8300,7770
Male Indians 45 - 49 Years,18449,18103,18577,18201,17731,17277,16798,16484,16192,15948,15624,15156,14699,14330,13710,13444,12916,12351,11566,10807,10314,9763,9110,8800,8361,7870,7610,7010,6165,5593,5039,4604,4751,5067,5054,4912,4550,4239,3946,3960,4294,4750,5201,6100,6500,6900,7100,7300,7400,7500,7800,8000,7803,8100,8400,8200,8300,7800,7700,7200,6900,6400,6500,6200,6400,5980
Male Indians 50 - 54 Years,16388,15538,15643,15363,15181,14776,14316,13913,13716,13329,13007,12521,11928,11424,10674,10070,9453,8695,8375,7888,7776,7566,6987,6146,5574,4988,4542,4697,5065,5112,5016,4669,4371,3930,3946,4303,4760,5217,5708,5967,6078,6127,6120,6300,6400,6600,6600,6500,6500,6600,6400,6300,5898,6900,6400,6000,5500,5600,5300,5400,5300,4700,4400,4200,3800,3711
Male Indians 55 - 59 Years,13839,13149,13131,12946,12572,12325,11865,11401,10655,9961,9420,8949,8260,8124,7676,7272,7021,6409,5621,4996,4722,4284,4464,4802,4856,4781,4455,4160,3838,3842,4192,4662,5158,5623,5890,5993,6001,5937,5724,5586,5436,5256,5008,5200,5300,5100,4900,4700,4400,4200,4100,4000,3886,4700,4600,4400,3900,3800,3500,3200,3200,2800,2900,2800,2800,2367
Male Indians 60 - 64 Years,11422,10796,10646,10013,9365,8848,8377,7808,7494,7124,6712,6474,5928,5292,4656,4102,3615,3633,3800,3681,4332,4096,3858,3584,3591,3903,4359,4774,5282,5564,5701,5720,5625,5350,5202,5022,4856,4597,4420,4215,3973,3697,3362,3200,3100,3000,2900,2900,2900,2700,2400,2400,2015,3000,2600,2600,2300,2400,2300,2200,2000,1600,1300,1100,1000,957
Male Indians 65 - 69 Years,7987,7429,7139,6899,6543,6170,5945,5412,4686,4166,3588,3128,3132,3314,3235,3251,3122,2973,2791,2842,3454,3931,4368,4830,5097,5209,5218,5186,4980,4789,4506,4372,4146,3845,3626,3400,3140,2839,2501,2286,2086,1893,1834,1900,1800,1700,1700,1500,1400,1300,1200,1100,1044,1900,1700,1500,1200,1100,800,700,700,500,600,500,500,416
Male Indians 70 - 74 Years,5337,5002,4705,4100,3652,3100,2656,2614,2687,2641,2639,2508,2382,2315,2327,2533,2784,2989,3228,3393,4298,4489,4710,4548,4368,3966,3635,3294,3000,2815,2694,2505,2320,2007,1819,1682,1504,1428,1326,1211,1117,1052,931,na,na,na,na,na,na,na,na,na,454,na,na,na,na,na,na,na,na,na,na,na,na,202
Male Indians 75 - 79 Years,2473,1977,2047,2091,2052,2055,1970,1882,1767,1778,1835,1948,2043,2422,2515,2450,2339,2210,2005,1734,3185,2905,2454,2071,1806,1720,1598,1516,1384,1283,1225,1126,1054,na,na,na,na,na,na,na,na,na,390,na,na,na,na,na,na,na,na,na,176,na,na,na,na,na,na,na,na,na,na,na,na,91
Male Indians 80 - 84 Years,1414,1323,1309,1276,1280,1319,1408,1468,1505,1538,1487,1434,1406,1396,1219,1165,1158,1087,1032,946,1021,878,798,758,712,703,672,638,604,556,499,431,386,na,na,na,na,na,na,na,na,na,142,na,na,na,na,na,na,na,na,na,na,na,na,na,na,na,na,na,na,na,na,na,na,36
Male Indians 85 - 89 Years,775,805,879,918,930,942,929,927,871,823,711,664,582,592,561,536,491,455,407,342,388,357,317,na,na,na,na,na,na,na,na,na,na,na,na,na,na,na,na,na,na,na,na,na,na,na,na,na,na,na,na,na,na,na,na,na,na,na,na,na,na,na,na,na,na,na
Male Indians 65 Years & Over,18779,17313,16834,15961,15060,14188,13505,12839,11985,11361,10659,10038,9876,10445,10198,10221,10147,9919,9651,9418,12533,12712,12783,12645,12395,11962,11445,10927,10228,9672,9123,8597,8054,7301,6767,6249,5669,5196,4658,4267,3911,3579,3372,3400,3200,3000,3000,2600,2600,2400,2200,2000,1757,2700,2500,2400,1800,1700,1300,1200,1100,900,900,900,900,765
Male Indians 70 Years & Over,10792,9884,9695,9062,8517,8018,7560,7427,7299,7195,7071,6910,6744,7131,6963,6970,7025,6946,6860,6576,9079,8781,8415,7815,7298,6753,6227,5741,5248,4883,4617,4225,3908,3456,3141,2849,2529,2357,2157,1981,1825,1686,1538,1500,1400,1300,1300,1100,1200,1100,1000,900,713,800,800,900,600,600,500,500,400,400,300,400,400,349
Male Indians 75 Years & Over,5455,4882,4990,4962,4865,4918,4904,4813,4612,4554,4432,4402,4362,4816,4636,4437,4241,3957,3632,3183,4781,4292,3705,3267,2930,2787,2592,2447,2248,2068,1923,1720,1588,1449,1322,1167,1025,929,831,770,708,634,607,na,na,na,na,na,na,na,na,na,259,na,na,na,na,na,na,na,na,na,na,na,na,147
Male Indians 80 Years & Over,2982,2905,2943,2871,2813,2863,2934,2931,2845,2776,2597,2454,2319,2394,2121,1987,1902,1747,1627,1449,1596,1387,1251,1196,1124,1067,994,931,864,785,698,594,534,na,na,na,na,na,na,na,na,na,217,na,na,na,na,na,na,na,na,na,83,na,na,na,na,na,na,na,na,na,na,na,na,56
Male Indians 85 Years & Over,1568,1582,1634,1595,1533,1544,1526,1463,1340,1238,1110,1020,913,998,902,822,744,660,595,503,575,509,453,438,412,364,322,293,260,229,199,163,148,na,na,na,na,na,na,na,na,na,75,na,na,na,na,na,na,na,na,na,na,na,na,na,na,na,na,na,na,na,na,na,na,20
Male Indians 90 Years & Over,793,777,755,677,603,602,597,536,469,415,399,356,331,406,341,286,253,205,188,161,187,152,136,na,na,na,na,na,na,na,na,na,na,na,na,na,na,na,na,na,na,na,na,na,na,na,na,na,na,na,na,na,na,na,na,na,na,na,na,na,na,na,na,na,na,na
Female Indians 0 - 4 Years,7130,7248,7568,7907,8118,8337,8677,8813,8848,9293,10340,11121,12309,12904,12021,11914,11604,11099,10616,10522,10412,10119,10123,10338,10315,10111,10028,9966,9910,9692,9513,9022,8492,8097,7800,7551,7402,7346,6940,6464,5870,5316,4730,5000,5200,5700,6100,6500,6700,6900,7100,7400,7611,8700,9600,10000,10300,10700,11100,11400,11600,11700,11300,10900,10600,9242
Female Indians 5 - 9 Years,9929,10167,10598,10994,11472,12231,12778,13237,13593,13836,13740,13460,13242,12781,12178,12039,11789,11538,11192,11144,11201,11080,11074,11019,10706,10387,9785,9135,8709,8212,7809,7527,7350,7027,6726,6273,5880,5426,5171,5159,5392,5541,5717,6300,6600,6800,7200,7600,8200,8600,9200,9400,9327,10500,10700,11000,10900,10500,10000,9500,8900,8500,8200,8100,7800,7189
Female Indians 10 - 14 Years,12718,12717,13098,13459,13429,13189,12954,12634,12435,12288,12152,12035,11926,11781,11626,11436,11426,11343,11201,10927,10926,10378,9834,9416,8892,8395,8034,7806,7478,7131,6705,6428,6133,5763,5775,6000,6148,6330,6496,6649,6658,6993,7359,8100,8500,8900,9200,9400,9500,9400,9300,9300,8853,9700,9100,8500,8000,7700,7500,7100,7000,6600,6100,5100,4400,3347
Female Indians 15 - 19 Years,12673,11944,11918,12002,11806,11584,11476,11370,11338,11411,11432,11473,11455,11380,11017,10805,10363,9813,9408,8963,8704,8384,8235,7946,7623,7088,6744,6394,6126,6205,6508,6725,6988,7002,7085,7089,7407,7795,8192,8543,8906,8949,8939,9400,9200,9100,9000,8900,8500,8300,7800,7400,6815,7100,6800,6700,6300,5700,4700,4000,3200,2700,2600,2900,3100,3276
Female Indians 20 - 24 Years,11223,10762,11146,11183,11210,11242,11313,11376,11377,11286,11306,11092,11067,11178,10411,9914,9611,9406,8870,8598,8264,7893,7655,7585,7562,7603,7576,7729,7942,8029,8066,8302,8686,8708,9132,9544,9698,9768,9739,9494,9186,8828,8331,8500,8300,7900,7400,7000,6700,6400,6200,6100,5271,4500,3800,3100,2500,2500,2500,2900,3200,3700,3900,3900,4000,3780
Female Indians 25 - 29 Years,11312,11131,11816,11924,11851,11834,11651,11696,12254,12818,13538,14372,15745,16053,14408,13748,13241,12225,11021,10843,10879,10509,10641,10871,10634,10106,9900,9945,10222,10504,10810,10859,10815,10405,10230,10027,9798,9447,9010,8519,7894,7269,6553,6800,6500,6300,6100,5700,4900,4300,3900,3500,3418,2500,2800,3000,3500,3400,3600,3600,3600,3700,3700,3800,3900,3518
Female Indians 30 - 34 Years,12613,11884,12334,12787,13182,13861,14912,16168,17090,17732,17812,17690,17425,16601,15029,14705,14173,13485,12757,12319,12214,11942,12024,12207,12303,12271,12027,11789,11577,11201,10888,10570,10131,9453,9053,8499,7999,7411,6976,6573,6175,5845,5229,5000,4400,3900,3500,3500,3800,4100,4100,4100,3957,3500,3400,3500,3400,3400,3400,3600,3400,3400,3100,2900,2600,2374
Female Indians 35 - 39 Years,14835,14891,16133,16895,17331,17294,17170,16789,16392,15995,15710,15259,14786,14032,13213,12948,12713,12611,12513,12540,13121,12950,12835,12602,12133,11690,11249,10734,10248,9782,9202,8711,8165,7564,7183,6820,6530,5870,5048,4394,3881,3364,3366,3800,4000,4100,4100,4000,3800,3600,3500,3400,3127,3300,3300,3100,3100,2900,2700,2400,2300,2100,2100,2100,2100,1933
Female Indians 40 - 44 Years,16964,16008,16061,15762,15300,14981,14514,14073,13630,13220,12957,12731,12711,12697,12686,12765,12759,12587,12401,12011,12045,11651,11250,10813,10368,9701,9207,8643,8227,7846,7472,7193,6477,5515,4806,4221,3631,3633,3794,3905,3918,3850,3738,3800,3600,3500,3300,3100,3000,3000,2900,2700,2606,2600,2200,2100,2000,2000,1900,1900,1800,1800,1600,1500,1400,1171
Female Indians 45 - 49 Years,14306,13445,13543,13190,12749,12450,12237,12200,12302,12469,12629,12645,12552,12360,11980,11696,11288,10873,10499,10102,9810,9422,8935,8554,8185,7808,7529,6774,5874,5119,4493,3830,3814,3926,4018,4043,3971,3823,3668,3427,3312,3158,2954,3000,2900,2700,2600,2500,2300,2200,2100,2000,1814,1700,1900,1700,1600,1400,1300,1100,1100,1000,1000,900,900,837
Female Indians 50 - 54 Years,11953,11330,11832,11959,12099,12243,12207,12042,12010,11661,11317,10945,10515,10389,9979,9407,8972,8476,8100,7755,7833,7568,6888,5996,5245,4603,3956,3916,4036,4106,4125,4039,3867,3702,3490,3363,3211,3024,2872,2742,2597,2483,2356,2200,2100,2000,1800,1700,1700,1600,1500,1400,1130,1300,1100,1000,900,900,900,700,800,700,600,600,600,531
Female Indians 55 - 59 Years,11633,11247,11624,11599,11286,10980,10606,10245,9792,9405,8897,8536,8048,7961,7611,7348,7098,6454,5612,4894,4539,3910,3895,4045,4110,4122,4028,3860,3703,3501,3361,3224,3035,2820,2699,2558,2463,2348,2141,1987,1838,1689,1564,1600,1500,1300,1200,1100,1000,1000,900,900,848,700,700,700,600,600,600,500,500,400,400,400,400,394
Female Indians 60 - 64 Years,10332,9730,9805,9490,9135,8654,8299,7839,7459,7194,6938,6739,6081,5421,4724,4144,3533,3510,3645,3690,3978,3904,3804,3663,3473,3334,3183,2978,2781,2641,2488,2391,2259,2064,1890,1763,1628,1517,1432,1324,1175,1064,949,900,800,800,800,700,800,700,600,500,448,500,400,400,400,400,400,400,300,300,300,300,200,231
Female Indians 65 - 69 Years,8020,7530,7438,7164,6889,6627,6427,5818,5073,4409,3852,3299,3244,3471,3489,3532,3408,3304,3175,3019,3151,3032,2886,2706,2531,2385,2265,2133,1939,1779,1640,1486,1422,1330,1246,1096,991,871,769,705,661,645,612,600,600,500,500,400,400,300,300,300,293,300,300,300,300,200,200,200,200,200,200,200,100,135
Female Indians 70 - 74 Years,6030,5745,5396,4723,4136,3584,3054,3012,3120,3141,3176,3089,2992,2920,2747,2638,2542,2388,2219,2086,2180,2073,1956,1761,1605,1446,1289,1195,1113,1052,943,868,768,668,612,562,554,532,489,458,409,342,311,na,na,na,na,na,na,na,na,na,161,na,na,na,na,na,na,na,na,na,na,na,na,78
Female Indians 75 - 79 Years,3130,2575,2604,2738,2786,2818,2745,2635,2525,2381,2256,2156,2004,1922,1804,1677,1570,1439,1265,1078,1176,1039,934,854,784,722,659,571,508,456,421,403,397,na,na,na,na,na,na,na,na,na,162,na,na,na,na,na,na,na,na,na,88,na,na,na,na,na,na,na,na,na,na,na,na,20
Female Indians 80 - 84 Years,2273,2193,2152,2034,1898,1841,1763,1629,1491,1393,1302,1205,1109,997,889,785,694,638,578,535,497,449,392,350,308,277,255,261,252,239,236,191,168,na,na,na,na,na,na,na,na,na,64,na,na,na,na,na,na,na,na,na,na,na,na,na,na,na,na,na,na,na,na,na,na,21
Female Indians 85 - 89 Years,1227,1195,1124,1030,952,896,827,761,674,610,545,473,429,396,357,306,283,237,207,170,161,135,121,na,na,na,na,na,na,na,na,na,na,na,na,na,na,na,na,na,na,na,na,na,na,na,na,na,na,na,na,na,na,na,na,na,na,na,na,na,na,na,na,na,na,na
Female Indians 65 Years & Over,21269,19787,19233,18143,17064,16123,15147,14166,13142,12170,11309,10390,9930,9842,9399,9042,8588,8090,7517,6949,7229,6773,6336,5839,5398,4998,4607,4299,3937,3644,3341,3031,2840,2593,2400,2158,1957,1797,1620,1493,1370,1262,1184,1200,1200,1000,1000,800,800,700,600,600,583,600,600,600,500,400,400,400,400,300,300,300,200,273
Female Indians 70 Years & Over,13249,12257,11795,10979,10175,9496,8720,8348,8069,7761,7457,7091,6686,6371,5910,5510,5180,4786,4342,3930,4078,3741,3450,3133,2867,2613,2342,2166,1998,1865,1701,1545,1418,1263,1154,1062,966,926,851,788,709,617,572,600,600,500,500,400,400,400,300,300,290,300,300,300,200,200,200,200,200,100,100,100,100,138
Female Indians 75 Years & Over,7219,6512,6399,6256,6039,5912,5666,5336,4949,4620,4281,4002,3694,3451,3163,2872,2638,2398,2123,1844,1898,1668,1494,1372,1262,1167,1053,971,885,813,758,677,650,595,542,500,412,394,362,330,300,275,261,na,na,na,na,na,na,na,na,na,129,na,na,na,na,na,na,na,na,na,na,na,na,60
Female Indians 80 Years & Over,4089,3937,3795,3518,3253,3094,2921,2701,2424,2239,2025,1846,1690,1529,1359,1195,1068,959,858,766,722,629,560,518,478,445,394,400,377,357,337,274,253,na,na,na,na,na,na,na,na,na,99,na,na,na,na,na,na,na,na,na,41,na,na,na,na,na,na,na,na,na,na,na,na,40
Female Indians 85 Years & Over,1816,1744,1643,1484,1355,1253,1158,1072,933,846,723,641,581,532,470,410,374,321,280,231,225,180,168,168,170,168,139,139,125,118,101,83,85,na,na,na,na,na,na,na,na,na,35,na,na,na,na,na,na,na,na,na,na,na,na,na,na,na,na,na,na,na,na,na,na,19
Female Indians 90 Years & Over,589,549,519,454,403,357,331,311,259,236,178,168,152,136,113,104,91,84,73,61,64,45,47,na,na,na,na,na,na,na,na,na,na,na,na,na,na,na,na,na,na,na,na,na,na,na,na,na,na,na,na,na,na,na,na,na,na,na,na,na,na,na,na,na,na,na
Others Male 0 - 4 Years,3118,3070,3045,3095,3150,3154,3108,3059,3009,3299,3651,4080,4589,4749,4336,3970,3559,3076,2658,2429,2349,2229,2119,2184,2261,2334,2346,2430,2447,2434,2357,2169,1943,1700,1544,1445,1451,1507,1417,1324,1195,1066,975,2500,2600,2700,2800,2800,2800,2600,2400,2300,1337,2000,2100,2100,1900,2000,2100,2200,2200,2100,2200,2100,2200,2520
Others Male 5 - 9 Years,3836,3703,3639,3556,3701,3941,4263,4538,4884,4989,5018,4995,5067,4922,4302,4000,3519,3025,2619,2438,2413,2224,2157,2165,2158,2129,2011,1867,1787,1644,1495,1412,1293,1304,1307,1249,1132,972,921,890,940,949,924,2600,2500,2400,2200,2200,2000,2100,2200,2100,1364,2300,2400,2200,2000,2000,1900,2000,1800,1900,1900,2000,2000,2247
Others Male 10 - 14 Years,3901,4018,4212,4479,4536,4482,4456,4509,4492,4421,4364,4273,4112,3842,3343,2997,2690,2419,2230,2158,2105,1977,1833,1765,1664,1525,1444,1353,1237,1148,1071,996,928,875,863,919,936,931,931,919,885,875,921,2000,2000,1900,2000,2000,2000,2000,1900,2000,1346,2200,2100,2100,1800,1800,1800,1800,1700,1700,1500,1200,1100,1088
Others Male 15 - 19 Years,4261,4107,4186,4135,4045,3990,3905,3736,3545,3351,3156,2938,2782,2622,2446,2217,2052,1838,1705,1619,1506,1435,1383,1245,1149,1071,1027,966,920,884,928,944,942,912,906,873,875,926,977,1062,1105,1128,1118,1800,1800,1800,1900,1900,1800,1800,1600,1500,1191,1900,1900,1700,1500,1400,1200,1000,800,600,700,800,900,1066
Others Male 20 - 24 Years,3781,3663,3551,3375,3139,2937,2702,2587,2432,2360,2272,2191,2175,2164,1929,1777,1659,1576,1359,1205,1097,1036,982,952,922,954,932,921,921,893,859,867,916,921,1022,1099,1144,1148,1165,1120,1088,1091,1055,1900,1900,1800,1800,1800,1900,1800,1800,1600,1049,1300,1000,800,700,600,700,800,900,800,800,900,900,1390
Others Male 25 - 29 Years,2801,2537,2485,2351,2324,2220,2168,2136,2201,2364,2586,3158,3826,4096,3010,2475,2010,1662,1401,1250,1251,1192,1206,1221,1150,1033,970,984,1034,1111,1170,1228,1237,1201,1185,1183,1195,1153,1086,1065,1015,974,963,2400,2500,2600,2600,2400,2100,1900,1800,1500,647,700,800,800,800,800,800,1000,1000,1000,1100,1300,1300,1740
Others Male 30 - 34 Years,2661,2503,2482,2524,2678,2900,3418,3954,4632,5282,5834,6318,6756,6558,5186,4664,3830,3146,2351,2102,1935,1713,1650,1595,1553,1473,1431,1374,1376,1355,1338,1345,1323,1187,1163,1123,1061,1050,1074,1056,1076,1090,993,3100,2900,2600,2200,2200,1900,1900,1700,1700,700,900,1100,1000,1000,1000,1100,1100,1100,1100,1300,1500,1500,1869
Others Male 35 - 39 Years,3701,3828,4191,4717,5256,5830,6337,6683,7094,7462,7737,7854,7936,7552,6276,5602,4726,3890,3123,2866,2537,2252,2073,1898,1704,1604,1540,1463,1382,1338,1272,1199,1159,1116,1103,1128,1125,1025,909,826,704,604,617,2700,2400,2200,2000,1800,1800,1700,1800,1700,787,1400,1400,1200,1200,1200,1300,1300,1300,1200,1300,1400,1200,1619
Others Male 40 - 44 Years,5919,5953,6323,6713,7032,7433,7717,7900,7961,7743,7475,7166,6978,6432,5703,5129,4410,3640,3030,2644,2408,2146,1971,1762,1621,1463,1351,1295,1284,1235,1242,1244,1090,902,815,694,591,606,632,645,658,660,644,2000,1900,1800,1700,1600,1600,1600,1500,1500,761,1500,1500,1600,1200,1100,1100,1200,1100,1000,1100,1000,1000,1242
Others Male 45 - 49 Years,7102,6991,7330,7385,7225,7065,6860,6761,6513,6482,6138,5812,5451,4992,4307,3821,3308,2834,2424,2198,2006,1797,1700,1610,1460,1426,1374,1208,1076,946,804,646,619,626,634,649,655,641,609,605,629,630,665,1500,1500,1500,1400,1400,1400,1400,1400,1400,733,1300,1200,1200,1000,1000,900,800,800,800,800,700,600,987
Others Male 50 - 54 Years,6455,5998,6059,5825,5800,5595,5371,5107,4839,4538,4256,3976,3693,3380,3010,2725,2405,2093,1889,1660,1803,1706,1508,1280,1095,921,756,755,742,712,697,676,634,596,598,612,607,630,642,650,630,647,627,1200,1200,1200,1200,1200,1100,1100,1100,1100,648,1000,1000,900,800,600,700,600,700,700,600,700,700,837
Others Male 55 - 59 Years,4871,4363,4409,4206,3949,3740,3577,3391,3212,3039,2824,2642,2465,2315,2089,1963,1848,1587,1315,1114,1076,858,836,803,757,729,703,676,643,626,626,605,627,617,619,606,615,584,557,551,547,545,560,1000,900,900,800,800,700,700,600,700,411,700,800,800,600,500,600,600,500,600,600,600,500,541
Others Male 60 - 64 Years,3179,2876,2930,2789,2670,2499,2370,2233,2162,2052,2004,1985,1803,1568,1352,1135,894,810,781,691,761,739,694,651,624,613,606,625,635,616,597,595,547,526,529,514,503,516,507,501,476,428,390,500,400,500,500,400,400,400,500,500,317,600,600,500,500,500,500,400,300,400,300,300,300,291
Others Male 65 - 69 Years,2061,1829,1903,1850,1766,1728,1711,1578,1411,1284,1090,900,833,791,724,678,650,595,550,535,595,597,598,603,599,571,567,544,522,506,482,447,460,440,440,423,383,335,316,276,267,267,251,300,300,300,300,300,400,300,300,300,243,400,400,300,200,200,200,200,200,200,100,200,100,216
Others Male 70 - 74 Years,1379,1257,1324,1176,1067,907,750,707,704,645,632,620,594,519,497,473,454,463,465,461,525,535,531,496,487,471,423,408,372,359,347,319,279,270,238,225,221,214,197,193,186,180,175,na,na,na,na,na,na,na,na,na,104,na,na,na,na,na,na,na,na,na,na,na,na,123
Others Male 75 - 79 Years,704,539,565,581,529,516,519,501,460,437,420,398,390,399,381,353,342,315,303,287,416,371,334,299,274,262,243,213,207,183,171,167,168,na,na,na,na,na,na,na,na,na,97,na,na,na,na,na,na,na,na,na,63,na,na,na,na,na,na,na,na,na,na,na,na,52
Others Male 80 - 84 Years,372,360,376,332,333,332,304,303,316,310,275,259,237,217,207,208,205,196,181,160,184,168,149,137,130,117,105,102,97,89,86,91,87,na,na,na,na,na,na,na,na,na,48,na,na,na,na,na,na,na,na,na,na,na,na,na,na,na,na,na,na,na,na,na,na,20
Others Male 85 - 89 Years,226,202,199,213,202,178,171,150,148,133,123,116,105,104,93,90,79,70,67,61,70,57,47,na,na,na,na,na,na,na,na,na,na,na,na,na,na,na,na,na,na,na,na,na,na,na,na,na,na,na,na,na,na,na,na,na,na,na,na,na,na,na,na,na,na,na
Others Male 65 Years & Over,4869,4313,4473,4248,3976,3745,3531,3319,3112,2874,2599,2342,2205,2072,1941,1834,1762,1667,1599,1532,1842,1780,1706,1630,1576,1500,1409,1333,1261,1198,1136,1067,1032,989,946,901,852,787,738,673,643,624,592,700,700,600,700,600,800,600,600,600,465,700,700,500,400,400,400,400,500,500,400,400,300,423
Others Male 70 Years & Over,2808,2484,2570,2398,2210,2017,1820,1741,1701,1590,1509,1442,1372,1281,1217,1156,1112,1072,1049,997,1247,1183,1108,1027,977,929,842,789,739,692,654,620,572,549,506,478,469,452,422,397,376,357,341,400,400,300,400,300,400,300,300,300,222,300,300,200,200,200,200,200,300,300,300,200,200,207
Others Male 75 Years & Over,1429,1227,1246,1222,1143,1110,1070,1034,997,945,877,822,778,762,720,683,658,609,584,536,722,648,577,531,490,458,419,381,367,333,307,301,293,279,268,253,248,238,225,204,190,177,166,na,na,na,na,na,na,na,na,na,118,na,na,na,na,na,na,na,na,na,na,na,na,84
Others Male 80 Years & Over,725,688,681,641,614,594,551,533,537,508,457,424,388,363,339,330,316,294,281,249,306,277,243,232,216,196,176,168,160,150,136,134,125,na,na,na,na,na,na,na,na,na,69,na,na,na,na,na,na,na,na,na,55,na,na,na,na,na,na,na,na,na,na,na,na,32
Others Male 85 Years & Over,353,328,305,309,281,262,247,230,221,198,182,165,151,146,132,122,111,98,100,89,122,109,94,95,86,79,71,66,63,61,50,43,38,na,na,na,na,na,na,na,na,na,21,na,na,na,na,na,na,na,na,na,na,na,na,na,na,na,na,na,na,na,na,na,na,12
Others Male 90 Years & Over,127,126,106,96,79,84,76,80,73,65,59,49,46,42,39,32,32,28,33,28,52,52,47,na,na,na,na,na,na,na,na,na,na,na,na,na,na,na,na,na,na,na,na,na,na,na,na,na,na,na,na,na,na,na,na,na,na,na,na,na,na,na,na,na,na,na
Others Female 0 - 4 Years,3350,3317,3242,3249,3291,3446,3475,3438,3420,3722,4051,4346,4902,5007,4373,3944,3425,2933,2544,2408,2305,2146,2047,2076,2133,2163,2279,2308,2297,2273,2178,1990,1825,1640,1477,1382,1404,1433,1325,1230,1095,998,902,2300,2500,2600,2600,2700,2500,2400,2300,2200,1221,1900,1800,1900,1900,1800,1900,1900,2000,1900,2000,2100,2000,2445
Others Female 5 - 9 Years,4258,4129,4108,4089,4348,4600,4868,5152,5425,5422,5347,5274,5311,5032,4460,4189,3669,3159,2627,2381,2285,2160,2006,2008,2008,1975,1842,1732,1686,1560,1429,1343,1255,1230,1243,1185,1078,909,874,868,855,841,849,2500,2400,2300,2200,2100,2000,2000,2100,2100,1322,2200,2000,2100,2000,1700,2000,2000,1800,1800,1800,1800,1700,2128
Others Female 10 - 14 Years,4496,4486,4880,5091,5002,5010,4871,4831,4841,4863,4882,4806,4629,4310,3604,3137,2813,2459,2189,2102,2055,1871,1737,1679,1581,1440,1359,1285,1188,1115,1052,986,892,832,818,822,812,837,838,845,857,904,907,1900,1900,2000,2000,2000,2100,2100,2000,1900,1273,2000,1900,1900,1800,1600,1600,1800,1600,1700,1500,1300,1100,1132
Others Female 15 - 19 Years,4642,4395,4484,4447,4452,4418,4403,4252,4100,3876,3696,3580,3433,3150,2795,2500,2218,1952,1781,1660,1594,1486,1395,1250,1151,1083,1034,970,900,874,856,836,866,812,819,824,890,899,919,953,1027,1037,1093,2100,2200,2200,2100,2100,2000,1900,1800,1700,1174,1800,1700,1600,1700,1300,1200,1100,900,700,800,800,1000,1250
Others Female 20 - 24 Years,3901,3674,3804,3634,3467,3368,3307,3183,3098,3118,3029,2970,3097,3163,2711,2389,2119,1850,1586,1415,1365,1282,1225,1165,1153,1112,1085,1164,1215,1205,1156,1181,1129,1040,1090,1193,1225,1286,1303,1293,1244,1206,1104,2500,2400,2300,2200,2100,2000,2000,1800,1800,1013,1300,1100,900,700,700,800,1000,900,1000,1100,1200,1100,1367
Others Female 25 - 29 Years,3834,3636,3746,3836,4027,4005,3951,3815,3913,4094,4513,5272,6263,6312,4652,3791,3198,2644,2200,2070,2034,1900,1963,1961,1979,1874,1922,1911,1929,1847,1811,1689,1632,1552,1575,1546,1543,1466,1395,1313,1230,1123,1083,2800,2700,2600,2600,2400,2100,1900,1700,1600,646,900,900,1100,1000,1100,1100,1100,1100,1200,1200,1200,1200,1527
Others Female 30 - 34 Years,6161,5790,5747,5827,6019,6209,6513,6905,7308,7806,8245,8714,9030,8731,7003,6330,5347,4485,3638,3356,3091,2884,2690,2625,2531,2497,2383,2321,2260,2121,1933,1823,1664,1510,1459,1416,1327,1288,1237,1195,1145,1145,1048,2800,2500,2200,2000,1800,1800,1700,1700,1700,857,1100,1000,1100,1100,1100,1200,1200,1300,1300,1400,1400,1400,1561
Others Female 35 - 39 Years,8114,7842,8061,8188,8404,8483,8679,8653,8844,8940,9030,8974,9044,8495,7226,6532,5612,4593,3856,3508,3335,2992,2846,2666,2504,2310,2183,2001,1827,1670,1558,1398,1286,1199,1181,1163,1173,1093,942,820,725,628,633,2100,1900,1800,1600,1600,1500,1400,1400,1300,748,1200,1200,1400,1300,1300,1300,1300,1300,1300,1300,1300,1200,1265
Others Female 40 - 44 Years,8735,8334,8375,8489,8468,8463,8423,8491,8358,8206,7803,7506,7068,6370,5426,4972,4302,3762,3325,3018,2799,2551,2352,2105,1925,1767,1587,1430,1350,1262,1215,1176,1073,903,786,693,597,614,672,705,719,751,754,1500,1200,1300,1200,1200,1300,1200,1200,1200,711,1300,1300,1300,1200,1200,1200,1100,1100,1000,900,900,900,929
Others Female 45 - 49 Years,8046,7687,7901,7758,7576,7279,7010,6559,6199,5813,5510,5093,4779,4416,3847,3537,3141,2704,2377,2133,2016,1822,1665,1553,1407,1310,1268,1179,1003,844,715,585,593,633,668,675,712,718,697,672,663,618,614,1000,1100,1100,1100,1000,1000,1000,1000,1000,621,1300,1100,1100,1000,900,900,900,800,800,800,800,800,796
Others Female 50 - 54 Years,6580,6162,5961,5586,5249,4953,4586,4340,4203,3933,3636,3389,3054,2814,2455,2241,1964,1690,1506,1353,1475,1412,1321,1121,939,800,664,669,691,723,703,713,691,667,658,660,626,625,597,600,590,601,566,800,800,800,800,800,800,800,800,700,487,900,800,800,800,700,700,800,700,700,700,700,600,607
Others Female 55 - 59 Years,4364,3834,3867,3683,3456,3153,2944,2744,2540,2339,2165,2004,1811,1685,1510,1418,1335,1210,1019,831,870,746,750,750,774,752,759,730,707,677,675,638,639,611,607,600,601,560,543,509,513,488,456,600,600,600,600,600,500,500,600,600,400,700,700,600,600,500,600,600,500,400,500,500,500,477
Others Female 60 - 64 Years,2732,2430,2397,2239,2024,1915,1789,1631,1545,1465,1381,1341,1242,1046,884,757,616,599,635,663,764,769,754,729,703,689,645,635,606,603,605,608,566,548,523,507,485,448,433,426,395,380,361,400,400,400,500,400,400,400,400,400,307,500,600,500,400,400,400,400,400,400,300,300,300,317
Others Female 65 - 69 Years,1622,1436,1453,1370,1299,1232,1189,1101,961,825,714,609,605,635,652,630,627,618,616,601,673,633,625,594,590,592,593,559,546,520,499,478,450,428,410,382,349,339,317,299,299,292,291,300,300,200,200,200,300,300,300,300,276,400,400,400,400,300,300,300,300,200,100,200,300,224
Others Female 70 - 74 Years,1060,977,991,849,725,624,527,521,574,605,589,593,589,573,560,564,539,534,516,493,570,580,547,524,482,454,423,399,387,376,352,324,322,290,271,269,269,260,251,228,202,191,184,na,na,na,na,na,na,na,na,na,186,na,na,na,na,na,na,na,na,na,na,na,na,165
Others Female 75 - 79 Years,516,416,440,490,520,506,520,512,511,499,502,479,478,459,442,442,441,378,352,310,400,359,326,318,300,283,256,259,243,232,233,241,229,na,na,na,na,na,na,na,na,na,157,na,na,na,na,na,na,na,na,na,100,na,na,na,na,na,na,na,na,na,na,na,na,74
Others Female 80 - 84 Years,397,415,423,404,405,400,374,388,389,385,375,376,322,291,257,232,226,218,230,215,213,189,186,176,174,168,176,179,182,166,141,122,119,na,na,na,na,na,na,na,na,na,96,na,na,na,na,na,na,na,na,na,na,na,na,na,na,na,na,na,na,na,na,na,na,41
Others Female 85 - 89 Years,294,270,277,264,272,267,271,243,231,202,180,158,156,161,159,146,127,128,116,110,112,117,111,na,na,na,na,na,na,na,na,na,na,na,na,na,na,na,na,na,na,na,na,na,na,na,na,na,na,na,na,na,na,na,na,na,na,na,na,na,na,na,na,na,na,na
Others Female 65 Years & Over,4105,3731,3781,3567,3386,3180,3021,2901,2799,2643,2475,2325,2253,2218,2163,2092,2031,1935,1891,1790,2059,1964,1874,1806,1727,1663,1598,1539,1482,1414,1337,1271,1209,1136,1079,1012,951,926,889,842,810,784,773,800,800,700,700,700,800,800,800,800,682,800,800,800,800,700,700,700,700,600,500,600,700,529
Others Female 70 Years & Over,2483,2295,2328,2197,2087,1948,1832,1800,1838,1818,1761,1716,1648,1583,1511,1462,1404,1317,1275,1189,1386,1331,1249,1212,1137,1071,1005,980,936,894,838,793,759,708,669,630,602,587,572,543,511,492,482,500,500,500,500,500,500,500,500,500,406,400,400,400,400,400,400,400,400,400,400,400,400,305
Others Female 75 Years & Over,1423,1318,1337,1348,1362,1324,1305,1279,1264,1213,1172,1123,1059,1010,951,898,865,783,759,696,816,751,702,688,655,617,582,581,549,518,486,469,437,418,398,361,333,327,321,315,309,301,298,na,na,na,na,na,na,na,na,na,220,na,na,na,na,na,na,na,na,na,na,na,na,140
Others Female 80 Years & Over,907,902,897,858,842,818,785,767,753,714,670,644,581,551,509,456,424,405,407,386,416,392,376,370,355,334,326,322,306,286,253,228,208,na,na,na,na,na,na,na,na,na,141,na,na,na,na,na,na,na,na,na,120,na,na,na,na,na,na,na,na,na,na,na,na,66
Others Female 85 Years & Over,510,487,474,454,437,418,411,379,364,329,295,268,259,260,252,224,198,187,177,171,203,203,190,194,181,166,150,143,124,120,112,106,89,na,na,na,na,na,na,na,na,na,45,na,na,na,na,na,na,na,na,na,na,na,na,na,na,na,na,na,na,na,na,na,na,25
Others Female 90 Years & Over,216,217,197,190,165,151,140,136,133,127,115,110,103,99,93,78,71,59,61,61,91,86,79,na,na,na,na,na,na,na,na,na,na,na,na,na,na,na,na,na,na,na,na,na,na,na,na,na,na,na,na,na,na,na,na,na,na,na,na,na,na,na,na,na,na,na
